"player_id","player_name","games","time","goals","xG","assists","xA","shots","key_passes","yellow_cards","red_cards","position","team_name","npg","npxG","xGChain","xGBuildup","year"
675,"Jack Grealish",36,3235,8,6.84470369853079,6,7.63799532875419,73,92,8,0,"F M","Aston Villa",8,6.08353484608233,18.3736416697502,9.30453656613827,2019
7722,"Trézéguet",34,1955,6,5.34504915773869,1,0.958256496116519,50,21,2,1,"F M S","Aston Villa",6,5.34504915773869,6.64121498540044,2.61143149062991,2019
7724,"Wesley",21,1806,5,7.27055822312832,1,0.883616039529443,36,11,3,0,"F","Aston Villa",5,6.50938926637173,8.00793587975204,2.67476463597268,2019
5612,"Anwar El Ghazi",34,2082,4,6.38136017415673,4,2.87720150314271,53,30,3,0,"F M S","Aston Villa",3,5.62019133660942,8.01655889302492,2.21028413251042,2019
6122,"Douglas Luiz",36,2602,3,2.2777954377234,2,2.00411466695368,38,17,8,0,"M S","Aston Villa",3,2.2777954377234,5.56981500796974,3.39651763439178,2019
7721,"Conor Hourihane",27,1549,3,1.62833932228386,5,5.73144091665745,29,38,4,0,"M S","Aston Villa",3,1.62833932228386,6.00794250890613,3.1574677284807,2019
7723,"John McGinn",28,2323,3,3.98257300723344,3,2.61775911226869,55,37,3,0,"M S","Aston Villa",3,3.98257300723344,9.97086067125201,5.28958517313004,2019
1024,"Tyrone Mings",33,2902,2,0.916615588590503,2,0.571324750781059,8,7,7,0,"D","Aston Villa",2,0.916615588590503,5.1114912442863,5.06800478324294,2019
884,"Matt Targett",28,2305,1,0.393544301390648,2,3.29992317035794,7,29,4,0,"D M S","Aston Villa",1,0.393544301390648,7.98819356411695,6.49418311566114,2019
1685,"Ahmed Elmohamady",18,1007,1,0.195734026841819,1,2.22094357386231,5,22,1,0,"D M S","Aston Villa",1,0.195734026841819,3.62754290737212,2.72565308958292,2019
6859,"Kortney Hause",18,1541,1,2.82376740686595,0,0.490759834647179,20,2,3,0,"D S","Aston Villa",1,2.82376740686595,1.73596033267677,1.73596033267677,2019
7152,"Björn Engels",17,1447,1,0.78422082029283,0,0.143362265080214,8,2,1,0,"D S","Aston Villa",1,0.78422082029283,3.80121938791126,3.74813240673393,2019
7726,"Ezri Konsa Ngoyo",25,2054,1,1.66981834825128,2,0.88505781814456,11,11,3,0,"D S","Aston Villa",1,1.66981834825128,2.95271826349199,2.54914927668869,2019
8287,"Mbwana Samatta",14,962,1,2.52788151055574,0,0.311576586216688,17,9,1,0,"F S","Aston Villa",1,2.52788151055574,3.41844889521599,1.34753934293985,2019
250,"Ørjan Nyland",7,536,0,0,0,0,0,0,0,0,"GK S","Aston Villa",0,0,0.194506987929344,0.194506987929344,2019
710,"Neil Taylor",14,1085,0,0.126853711903095,0,0.47063472867012,3,5,2,0,"D M S","Aston Villa",0,0.126853711903095,2.88812971673906,2.38724420778453,2019
752,"Daniel Drinkwater",4,270,0,0.0982685163617134,0,0.0402861423790455,2,1,1,0,"M","Aston Villa",0,0.0982685163617134,0.836057733744383,0.737789217382669,2019
1053,"Keinan Davis",18,514,0,1.98592384904623,0,0.180366119369864,17,6,0,0,"F S","Aston Villa",0,1.98592384904623,2.63828721176833,1.30678142234683,2019
1374,"José Reina",12,1080,0,0,0,0.0390281155705452,0,1,1,0,"GK","Aston Villa",0,0,1.70922460965812,1.70922460965812,2019
1651,"Tom Heaton",20,1797,0,0,0,0,0,0,0,0,"GK","Aston Villa",0,0,2.09507257211953,2.09507257211953,2019
1701,"Borja Bastón",2,9,0,0,0,0,0,0,0,0,"S","Aston Villa",0,0,0,0,2019
2132,"Jota",10,328,0,0.26380024664104,1,0.568231429904699,6,4,0,0,"F M S","Aston Villa",0,0.26380024664104,1.55862062051892,0.849068343639374,2019
3253,"Frederic Guilbert",25,2045,0,0.417596781626344,2,1.38976411893964,8,13,6,0,"D M S","Aston Villa",0,0.417596781626344,4.42098324373364,3.741674721241,2019
4475,"Jed Steer",1,7,0,0,0,0,0,0,0,0,"GK","Aston Villa",0,0,0,0,2019
7725,"Jonathan Kodjia",6,96,0,0.15865358710289,0,0.0823735892772675,2,1,1,0,"S","Aston Villa",0,0.15865358710289,0.327951908111572,0.0869247317314148,2019
7727,"Henri Lansbury",10,186,0,0.0532289519906044,0,0.0657937601208687,2,2,0,0,"M S","Aston Villa",0,0.0532289519906044,0.46182457357645,0.361035346984863,2019
8040,"Marvelous Nakamba",29,1836,0,0.131544667296112,0,0.547745530493557,7,12,5,0,"M S","Aston Villa",0,0.131544667296112,4.79676456190646,4.2972489502281,2019
8254,"Indiana Vassilev",4,35,0,0.0328144431114197,0,0,1,0,0,0,"S","Aston Villa",0,0.0328144431114197,0.0328144431114197,0,2019
5555,"Dominic Calvert-Lewin",36,2639,13,16.1098429169506,1,1.33622483164072,85,15,9,0,"F S","Everton",13,16.1098429169506,17.2124995328486,3.89676442183554,2019
6026,"Richarlison",36,3100,13,9.84296628832817,3,6.66813437640667,89,34,8,0,"F M","Everton",13,9.84296628832817,16.4597497824579,5.1983064673841,2019
7063,"Bernard",27,1267,3,1.69756546244025,2,2.30372224375606,12,24,2,0,"M S","Everton",3,1.69756546244025,6.57371674850583,3.04944561328739,2019
503,"Theo Walcott",25,1310,2,3.480837341398,3,3.97336728870869,31,19,1,0,"M S","Everton",2,3.480837341398,8.39708567131311,2.60715858079493,2019
714,"Gylfi Sigurdsson",35,2580,2,4.01936775399372,3,4.01160594541579,46,52,3,0,"M S","Everton",1,3.25819889781997,11.0462007373571,7.52126183360815,2019
1304,"Moise Kean",29,783,2,4.14031234476715,2,2.33730867132545,30,10,1,0,"F S","Everton",2,4.14031234476715,6.86580851580948,1.08583704382181,2019
1653,"Michael Keane",31,2550,2,2.02164565213025,0,0.66933823749423,14,6,3,0,"D S","Everton",2,2.02164565213025,5.4688955694437,4.87012687325478,2019
6521,"Yerry Mina",29,2276,2,3.08172612357885,1,1.71764692850411,30,7,3,0,"D S","Everton",2,3.08172612357885,4.24419114645571,3.93143454100937,2019
500,"Alex Iwobi",25,1637,1,2.4786294400692,0,2.22467456944287,23,24,0,0,"F M S","Everton",1,2.4786294400692,7.12299274653196,3.29839463531971,2019
1042,"Tom Davies",30,2025,1,1.64024768583477,0,0.534478981047869,17,6,8,0,"M S","Everton",1,1.64024768583477,6.29616724699736,5.53332796320319,2019
6477,"Cenk Tosun",5,290,1,1.08155396580696,0,0.147749937139452,11,4,0,0,"F S","Everton",1,1.08155396580696,1.11527494341135,0,2019
551,"Morgan Schneiderlin",15,1014,0,0.337339229881763,0,0.128483865410089,6,4,4,1,"M S","Everton",0,0.337339229881763,3.29388931021094,3.02968734689057,2019
585,"Seamus Coleman",27,1847,0,0.849416483193636,1,1.5188014600426,8,9,3,1,"D S","Everton",0,0.849416483193636,6.01410109549761,4.15580146294087,2019
588,"Leighton Baines",8,399,0,0.0433603823184967,0,0.761081086471677,1,7,0,0,"D M S","Everton",0,0.0433603823184967,1.67761821299791,1.67761821299791,2019
599,"Oumar Niasse",3,17,0,0,0,0,0,0,0,0,"S","Everton",0,0,0.0323720350861549,0.0323720350861549,2019
741,"Jordan Pickford",38,3420,0,0,0,0.0364787466824055,0,1,2,0,"GK","Everton",0,0,3.21695888414979,3.21695888414979,2019
876,"Fabian Delph",16,1194,0,0.0457105720415711,0,0.478917675092816,3,7,3,1,"M S","Everton",0,0.0457105720415711,5.08535999059677,4.88420283794403,2019
985,"Mason Holgate",27,2047,0,1.40540088061243,3,1.12226419150829,12,4,5,0,"D M S","Everton",0,1.40540088061243,6.36128742434084,5.70923648029566,2019
1823,"Lucas Digne",35,3044,0,1.25718919932842,7,6.39002903457731,29,72,6,0,"D M","Everton",0,1.25718919932842,8.19732914306223,5.13240235671401,2019
2383,"André Gomes",19,1457,0,0.206847341731191,1,1.10450759343803,5,11,6,0,"M S","Everton",0,0.206847341731191,5.09031394682825,3.94298569858074,2019
3357,"Djibril Sidibe",25,1806,0,0.301567090675235,4,2.56488700583577,12,19,3,0,"D M S","Everton",0,0.301567090675235,7.77543511427939,5.01926861517131,2019
4764,"Jean-Philippe Gbamin",2,135,0,0,0,0,0,0,0,0,"M S","Everton",0,0,0,0,2019
8150,"Anthony Gordon",11,438,0,0.327071357518435,1,0.339949749410152,6,6,0,0,"M S","Everton",0,0.327071357518435,0.895637210458517,0.328934893012047,2019
8476,"Jarrad Branthwaite",4,296,0,0,0,0,0,0,0,0,"D S","Everton",0,0,1.47169301658869,1.47169301658869,2019
468,"Callum Wilson",35,2916,8,9.84287397563457,1,3.34953628107905,53,30,10,0,"F S","Bournemouth",8,9.84287397563457,12.5629492290318,2.70783636439592,2019
5596,"Harry Wilson",31,1672,7,4.16500081028789,0,2.2177436221391,56,14,2,0,"F M S","Bournemouth",7,4.16500081028789,7.92182179167867,4.21072705835104,2019
465,"Joshua King",26,2033,6,6.53408972918987,4,4.13309868425131,26,30,0,0,"F M S","Bournemouth",3,4.25065739825368,8.3733511865139,3.02174307964742,2019
462,"Dan Gosling",24,1255,3,2.92986386083066,1,1.36917477846146,13,10,3,0,"M S","Bournemouth",3,2.92986386083066,3.78704697079957,1.44190214946866,2019
463,"Junior Stanislas",15,706,3,1.87086548935622,0,0.922529279254377,17,12,1,0,"D M S","Bournemouth",2,1.10969663690776,2.25274484883994,1.58028977550566,2019
1679,"Dominic Solanke",32,1617,3,4.43933452107012,1,1.05356199014932,32,15,1,0,"F M S","Bournemouth",3,4.43933452107012,6.86394422315061,2.41715693101287,2019
579,"Nathan Aké",29,2503,2,3.05124704167247,2,1.96291914582253,25,7,2,0,"D","Bournemouth",2,3.05124704167247,3.54550060071051,2.95715484209359,2019
458,"Steve Cook",29,2431,1,0.619080873206258,0,0.696019073948264,12,4,6,1,"D S","Bournemouth",1,0.619080873206258,3.92374386638403,3.7979082390666,2019
1683,"Ryan Fraser",28,2054,1,3.46427056379616,4,3.60061340779066,27,44,2,0,"F M S","Bournemouth",1,3.46427056379616,9.42375550419092,4.50355112180114,2019
2182,"Jefferson Lerma",33,2724,1,0.815331141464412,2,1.53130308073014,30,11,11,1,"M S","Bournemouth",1,0.815331141464412,8.75819934532046,8.17416101694107,2019
6034,"Philip Billing",34,2542,1,2.27469507325441,1,1.43443081900477,33,15,8,0,"M S","Bournemouth",1,2.27469507325441,6.99895029980689,5.09285750705749,2019
6820,"David Brooks",9,533,1,0.43261131644249,0,0.534646430052817,6,6,1,0,"M S","Bournemouth",1,0.43261131644249,0.864390030503273,0.132105456665158,2019
7384,"Chris Mepham",12,909,1,1.05330476164818,0,0.0767363831400871,7,1,1,0,"D S","Bournemouth",1,1.05330476164818,0.943722505122423,0.748095087707043,2019
456,"Simon Francis",15,956,0,0.154519947245717,0,0.4215386537835,3,4,3,1,"D S","Bournemouth",0,0.154519947245717,1.76246328651905,1.67909629456699,2019
459,"Charlie Daniels",2,126,0,0,0,0.141722366213799,0,2,0,0,"D","Bournemouth",0,0,0.494344264268875,0.418497234582901,2019
460,"Andrew Surman",5,230,0,0.0277361422777176,0,0.0489706210792065,1,1,1,0,"M S","Bournemouth",0,0.0277361422777176,0.939494486898184,0.890523876994848,2019
481,"Jordon Ibe",2,39,0,0,0,0,0,0,0,0,"S","Bournemouth",0,0,0.0219984911382198,0.0219984911382198,2019
825,"Adam Smith",24,2078,0,0.692613779567182,1,1.27322420384735,4,10,7,0,"D M","Bournemouth",0,0.692613779567182,5.35080007836223,4.5992201641202,2019
1789,"Lewis Cook",27,1331,0,0.247753670439124,0,0.548651425167918,9,11,5,0,"M S","Bournemouth",0,0.247753670439124,3.17084557749331,2.71358553227037,2019
5065,"Diego Rico",27,2346,0,0.336594809778035,4,2.58297729957849,11,31,6,0,"D M","Bournemouth",0,0.336594809778035,4.19968083780259,3.41219831816852,2019
5602,"Sam Surridge",4,20,0,0.89716100692749,0,0.0657119080424309,2,1,0,0,"S","Bournemouth",0,0.89716100692749,0.485764853656292,0,2019
5603,"Aaron Ramsdale",37,3330,0,0,1,0.531423393636942,0,2,0,0,"GK","Bournemouth",0,0,2.16737519949675,1.63595180213451,2019
6410,"Jack Simpson",4,237,0,0.0118187516927719,0,0.0346853211522102,1,1,0,0,"D S","Bournemouth",0,0.0118187516927719,0.0465040728449821,0,2019
7582,"Mark Travers",1,90,0,0,0,0,0,0,0,0,"GK","Bournemouth",0,0,0.0198047515004873,0.0198047515004873,2019
7823,"Jack Stacey",19,1553,0,0.561606787145138,2,2.40690258145332,5,10,2,0,"D S","Bournemouth",0,0.561606787145138,5.17683971952647,3.12071624677628,2019
8066,"Arnaut Danjuma Groeneveld",14,614,0,1.04850729927421,0,0.16391022875905,13,5,0,0,"M S","Bournemouth",0,1.04850729927421,1.2045335508883,0.269083058461547,2019
8090,"Lloyd Kelly",8,634,0,0.0356754623353481,0,0.138222381472588,1,1,2,0,"D S","Bournemouth",0,0.0356754623353481,0.654059775173664,0.515837393701077,2019
986,"Danny Ings",38,2836,22,15.6597171705216,2,2.84908509347588,93,35,3,0,"F M S","Southampton",21,14.1373794842511,18.4880314990878,5.01593812555075,2019
843,"James Ward-Prowse",38,3420,5,7.06139093078673,3,5.7615474704653,57,61,9,0,"D M","Southampton",4,4.77788432873785,13.2922002198175,9.14625737443566,2019
6893,"Stuart Armstrong",30,1711,5,3.11444089002907,3,2.00965260434896,46,18,4,0,"M S","Southampton",5,3.11444089002907,7.9727021176368,3.84519184753299,2019
790,"Nathan Redmond",32,2781,4,5.28732238896191,4,3.62441087234765,59,38,2,0,"F M","Southampton",4,5.28732238896191,13.67461494077,6.08785770554096,2019
7700,"Che Adams",30,1096,4,5.86568156257272,2,1.98880886379629,36,13,0,0,"F S","Southampton",4,5.86568156257272,7.28002101834863,1.20572157204151,2019
6504,"Michael Obafemi",21,654,3,2.15461244806647,2,1.22534672915936,12,10,1,0,"F S","Southampton",3,2.15461244806647,2.88379321061075,0.51516548730433,2019
839,"Shane Long",26,1403,2,4.52959235943854,2,2.58109755069017,33,20,0,0,"F S","Southampton",2,4.52959235943854,5.49615946039557,0.839786404743791,2019
7701,"Moussa Djenepo",18,920,2,2.24028670880944,2,2.05111297219992,20,11,4,1,"F M S","Southampton",2,2.24028670880944,5.60165165830404,2.5700225988403,2019
111,"Jannik Vestergaard",19,1500,1,0.676936719566584,0,0.755468299612403,12,6,3,0,"D S","Southampton",1,0.676936719566584,3.9135328810662,3.75041628442705,2019
835,"Ryan Bertrand",32,2742,1,2.06192290224135,1,3.52244412153959,19,30,3,1,"D M S","Southampton",1,2.06192290224135,8.07473688200116,5.9294322412461,2019
1735,"Jack Stephens",28,2456,1,0.933329455554485,3,1.17478687316179,6,8,4,1,"D S","Southampton",1,0.933329455554485,5.80527073889971,4.65318862907588,2019
6042,"Jan Bednarek",34,3059,1,1.0607940480113,1,1.0941205304116,7,3,4,0,"D","Southampton",1,1.0607940480113,4.88974864408374,4.87277108803391,2019
343,"Pierre-Emile Højbjerg",33,2740,0,3.17892954777926,1,1.85989516228437,46,30,5,0,"D M S","Southampton",0,3.17892954777926,11.6636204216629,8.34850305598229,2019
635,"Alex McCarthy",28,2520,0,0,0,0.023693535476923,0,1,0,0,"GK","Southampton",0,0,3.15421579405665,3.13052225857973,2019
842,"Oriol Romeu",30,1865,0,0.197261868044734,0,1.7172301672399,8,19,5,0,"M S","Southampton",0,0.197261868044734,4.20522705093026,3.23906847275794,2019
845,"Maya Yoshida",8,555,0,0.939902172423899,0,0.0704466477036476,5,1,1,0,"D S","Southampton",0,0.939902172423899,0.665345230139792,0.58598592877388,2019
847,"Cédric Soares",16,1314,0,0.6407390544191,1,0.789403669536114,9,11,1,0,"D M","Southampton",0,0.6407390544191,3.00843881070614,1.96189139038324,2019
885,"Kyle Walker-Peters",10,701,0,0.095540527254343,0,0.677672170102596,2,4,1,0,"D S","Southampton",0,0.095540527254343,1.85449849069118,1.17692640423775,2019
1734,"Sofiane Boufal",20,746,0,1.01455114129931,2,2.69825898483396,18,15,2,0,"M S","Southampton",0,1.01455114129931,6.15028809849173,3.5498658278957,2019
5261,"Kevin Danso",6,272,0,0.0780709087848663,1,0.0789782106876373,1,1,0,1,"D S","Southampton",0,0.0780709087848663,0.497941482812166,0.497941482812166,2019
5544,"Angus Gunn",10,900,0,0,0,0,0,0,0,0,"GK","Southampton",0,0,0.486054629087448,0.486054629087448,2019
7280,"Yan Valery",11,796,0,0.256157290190458,0,1.14311629533768,3,2,1,0,"D M S","Southampton",0,0.256157290190458,3.58954172767699,2.75390225835145,2019
8224,"William Smallbone",9,401,0,0.295870838686824,2,0.172170985490084,6,3,0,0,"M S","Southampton",0,0.295870838686824,1.05966444686055,0.633246520534158,2019
8456,"Nathan Tella",1,1,0,0.0757861137390137,0,0,1,0,0,0,"S","Southampton",0,0.0757861137390137,0.0757861137390137,0,2019
8493,"Jake Vokins",1,90,0,0.0132841616868973,0,0.0965957269072533,1,1,0,0,"D","Southampton",0,0.0132841616868973,0.501861393451691,0.488577216863632,2019
755,"Jamie Vardy",35,3034,23,18.9035373181105,5,6.36829756014049,89,32,3,0,"F S","Leicester",19,15.0976931154728,21.0266073122621,1.72434066608548,2019
770,"Ayoze Pérez",33,2045,8,6.55779683217406,4,4.09164361469448,47,28,0,0,"F M S","Leicester",7,5.79662799462676,12.8503226768225,4.47377683408558,2019
6681,"Harvey Barnes",36,2094,6,8.48061983473599,8,4.08543427288532,61,35,0,0,"F M S","Leicester",6,8.48061983473599,17.0937856920063,6.48778345994651,2019
6818,"James Maddison",31,2632,6,5.02177491597831,3,5.76851624064147,74,79,4,0,"M S","Leicester",6,5.02177491597831,14.379001699388,8.76397675275803,2019
620,"Kelechi Iheanacho",20,976,5,5.90127157047391,3,2.58864575065672,36,15,1,0,"F M S","Leicester",5,5.90127157047391,8.9800880625844,1.33278054185212,2019
782,"Ben Chilwell",27,2382,3,1.09772757813334,3,3.53552708774805,16,33,3,0,"D M","Leicester",3,1.09772757813334,10.0881569813937,8.04045776091516,2019
3303,"Ricardo Pereira",28,2520,3,1.2652331655845,2,4.01895158458501,18,27,1,0,"D M","Leicester",3,1.2652331655845,11.0598178468645,8.11590220406651,2019
5956,"Youri Tielemans",37,2849,3,2.79238098673522,6,5.18609967827797,56,53,2,0,"M S","Leicester",3,2.79238098673522,17.1038630753756,11.1315537514165,2019
762,"Demarai Gray",21,580,2,2.7671966496855,3,2.23395588248968,23,16,1,0,"M S","Leicester",2,2.0060278121382,4.81944571062922,1.81153411790729,2019
5545,"Wilfred Ndidi",32,2679,2,1.72727157454938,1,0.591665607877076,26,15,6,0,"M S","Leicester",2,1.72727157454938,10.0798441916704,9.0549516454339,2019
807,"Jonny Evans",38,3390,1,2.48074362613261,1,0.381034911610186,23,8,8,1,"D","Leicester",1,2.48074362613261,10.9394714571536,10.734535921365,2019
1234,"Dennis Praet",27,1124,1,1.20771589037031,2,1.49288072064519,16,9,2,0,"M S","Leicester",1,1.20771589037031,6.80687441676855,5.09095303341746,2019
5264,"Caglar Söyüncü",34,3042,1,1.43161543086171,1,0.310193661600351,17,5,4,1,"D","Leicester",1,1.43161543086171,6.56231710873544,6.45581238530576,2019
6418,"Hamza Choudhury",20,879,1,0.336653279140592,1,0.112837642431259,7,4,2,1,"M S","Leicester",1,0.336653279140592,2.7457817569375,2.52809156104922,2019
745,"Kasper Schmeichel",38,3420,0,0.0185577441006899,0,0.36443374492228,1,3,2,0,"GK","Leicester",0,0.0185577441006899,3.87591101042926,3.5189419593662,2019
748,"Wes Morgan",11,418,0,0.596381507813931,0,0,4,0,0,0,"D S","Leicester",0,0.596381507813931,1.20389187335968,0.750761523842812,2019
749,"Christian Fuchs",11,760,0,0.183224809356034,0,0.100933834910393,5,2,0,0,"D M S","Leicester",0,0.183224809356034,4.19203007221222,4.11516776680946,2019
753,"Marc Albrighton",20,860,0,0.446091877296567,3,2.29033746942878,10,20,2,0,"M S","Leicester",0,0.446091877296567,4.42047251202166,2.37802442908287,2019
787,"Ryan Bennett",5,335,0,0,0,0,0,0,0,0,"D S","Leicester",0,0,1.4728032797575,1.4728032797575,2019
1785,"Nampalys Mendy",7,295,0,0.013872342184186,0,0.0890072481706738,1,3,0,0,"M S","Leicester",0,0.013872342184186,1.87727700546384,1.7893308326602,2019
4441,"Matthew James",1,3,0,0,0,0,0,0,0,0,"S","Leicester",0,0,0,0,2019
7753,"James Justin",13,1005,0,0.267881128005683,1,1.07985124364495,7,12,1,0,"D M S","Leicester",0,0.267881128005683,4.53426092118025,3.33179011195898,2019
8562,"Luke Thomas",3,270,0,0,1,0.629981800913811,0,9,0,0,"M","Leicester",0,0,1.37885302305222,1.26773592829704,2019
8563,"George Hirst",2,5,0,0.100602792575955,0,0,3,0,0,0,"S","Leicester",0,0.100602792575955,0.0212230961769819,0,2019
672,"Jordan Ayew",37,3196,9,7.67617904208601,2,2.86464192345738,58,30,6,0,"F M","Crystal Palace",9,7.67617904208601,11.7213300392032,3.87739226035774,2019
522,"Wilfried Zaha",38,3276,4,4.93266091495752,3,3.74423091765493,61,37,5,0,"F M S","Crystal Palace",4,4.93266091495752,11.8298113960773,4.58950950950384,2019
730,"Patrick van Aanholt",29,2517,3,2.04034280776978,2,3.55443716235459,27,32,0,0,"D","Crystal Palace",2,1.27917397022247,5.90049669053406,4.38724836986512,2019
757,"Jeffrey Schlupp",17,1035,3,2.18497488927096,1,0.948796737007797,18,7,2,0,"D F M S","Crystal Palace",3,2.18497488927096,3.24284972343594,1.12852843105793,2019
5549,"Luka Milivojevic",31,2519,3,2.49571566935629,1,1.73645214084536,31,29,12,0,"M S","Crystal Palace",1,0.973377994261682,4.50462287664413,3.98632946051657,2019
606,"Christian Benteke",24,1249,2,4.62783159315586,1,2.45947993546724,41,19,4,1,"F S","Crystal Palace",2,4.62783159315586,6.46570082195103,0.718946507200599,2019
519,"Connor Wickham",6,78,1,1.11555422842503,1,0.423744816333055,3,3,0,0,"S","Crystal Palace",1,1.11555422842503,1.45102904736996,0.0195183232426643,2019
530,"James Tomkins",18,1589,1,1.0543269906193,1,0.118945889174938,9,2,5,0,"D","Crystal Palace",1,1.0543269906193,2.6492675896734,2.53032170049846,2019
532,"Cheikhou Kouyaté",35,2560,1,2.11794578842819,1,0.769087800756097,24,10,4,0,"D M S","Crystal Palace",1,2.11794578842819,3.46302137989551,1.33979600388557,2019
775,"Andros Townsend",24,1272,1,0.39566214568913,1,1.71379076689482,12,13,0,0,"M S","Crystal Palace",1,0.39566214568913,2.36252715997398,1.20086788013577,2019
6477,"Cenk Tosun",5,177,1,0.831331789493561,0,0.475088894367218,4,1,0,0,"F S","Crystal Palace",1,0.831331789493561,1.20510967075825,0.262302875518799,2019
338,"Max Meyer",17,641,0,0.45928084757179,0,0.197999786585569,9,4,1,0,"F M S","Crystal Palace",0,0.45928084757179,0.856347929686308,0.379644135013223,2019
485,"Mamadou Sakho",14,928,0,0,0,0.0295728351920843,0,1,1,1,"D S","Crystal Palace",0,0,1.73845271021128,1.70887987315655,2019
509,"Wayne Hennessey",3,270,0,0,0,0,0,0,0,0,"GK","Crystal Palace",0,0,0.114913500845432,0.114913500845432,2019
510,"Joel Ward",29,2383,0,0.198826100677252,0,0.250573735684156,5,5,4,0,"D S","Crystal Palace",0,0.198826100677252,2.54627021029592,2.20583796873689,2019
512,"Scott Dann",16,1263,0,0.470208033919334,1,0.357471921481192,8,5,0,0,"D S","Crystal Palace",0,0.470208033919334,1.34357499051839,1.24332050979137,2019
525,"Martin Kelly",19,1554,0,0.0609724055975676,1,0.833954088389874,2,6,0,0,"D S","Crystal Palace",0,0.0609724055975676,2.38185991160572,2.18405021354556,2019
589,"James McCarthy",33,1641,0,0.415182526223361,0,1.39838974550366,12,17,9,0,"M S","Crystal Palace",0,0.415182526223361,3.68404050171375,2.97149742208421,2019
633,"James McArthur",37,3145,0,1.80584122706205,3,2.99606465548277,28,34,6,0,"M","Crystal Palace",0,1.80584122706205,7.98980387952179,4.76205041632056,2019
699,"Gary Cahill",25,2167,0,1.6104979980737,1,0.431655611842871,21,3,1,0,"D","Crystal Palace",0,1.6104979980737,1.81150082498789,1.75187716074288,2019
2190,"Vicente Guaita",35,3150,0,0,0,0,0,0,1,0,"GK","Crystal Palace",0,0,1.85564623959363,1.85564623959363,2019
2390,"Víctor Camarasa",1,3,0,0,0,0,0,0,0,0,"S","Crystal Palace",0,0,0.0653771683573723,0.0653771683573723,2019
6027,"Jairo Riedewald",17,747,0,0.0469886707141995,0,0.210897445678711,3,2,0,0,"D M S","Crystal Palace",0,0.0469886707141995,1.32526214979589,1.19323652796447,2019
8214,"Tyrick Mitchell",4,186,0,0,0,0.189811039716005,0,4,1,0,"D S","Crystal Palace",0,0,0.505854453891516,0.454187199473381,2019
8216,"Brandon Pierrick",2,10,0,0,0,0.0955187380313873,0,2,0,0,"S","Crystal Palace",0,0,0.0955187380313873,0,2019
7696,"Teemu Pukki",36,2908,11,11.5243451297283,3,3.61901541799307,80,30,3,0,"F S","Norwich",9,10.0020074397326,14.7514657638967,2.36844230256975,2019
7695,"Todd Cantwell",37,2528,6,5.67504897993058,2,2.31853072345257,42,36,6,0,"M S","Norwich",6,5.67504897993058,11.0051022870466,3.8052573222667,2019
12,"Mario Vrancic",20,613,1,1.0978838019073,0,1.03005415853113,14,7,3,0,"M S","Norwich",1,1.0978838019073,1.72039030585438,1.22614541463554,2019
209,"Josip Drmic",21,609,1,2.93415599502623,0,0.949162114411592,14,4,0,1,"F S","Norwich",1,2.93415599502623,2.3794469460845,0.244455378502607,2019
791,"Alexander Tettey",30,2372,1,0.677077951841056,1,0.489977901801467,23,5,5,0,"D M S","Norwich",1,0.677077951841056,5.79071537032723,5.0390484072268,2019
2203,"Emiliano Buendía",36,2462,1,2.16986830532551,7,7.19096221216023,40,83,6,1,"M S","Norwich",1,2.16986830532551,12.5479485616088,7.51115466654301,2019
7691,"Jamal Lewis",28,2311,1,0.348726460710168,0,1.01170100830495,9,15,4,0,"D S","Norwich",1,0.348726460710168,4.06684300303459,2.89074260089546,2019
7693,"Kenny McLean",37,2955,1,1.21369741205126,1,2.6225974354893,30,24,5,0,"M S","Norwich",1,1.21369741205126,8.08472777158022,6.2693151794374,2019
7697,"Onel Hernández",26,1377,1,1.9121507583186,2,0.916231917217374,29,20,0,0,"M S","Norwich",1,1.9121507583186,3.50505627319217,0.898457748815417,2019
7822,"Dennis Srbeny",8,29,1,0.482146762311459,0,0,2,0,0,0,"S","Norwich",1,0.482146762311459,0.433410704135895,0,2019
62,"Lukas Rupp",12,701,0,0.855793107300997,0,0.775527480989695,4,8,1,0,"M S","Norwich",0,0.855793107300997,2.55483096744865,0.923510366119444,2019
162,"Timm Klose",7,591,0,0.23848844319582,0,0,3,0,0,0,"D","Norwich",0,0.23848844319582,0.465436428785324,0.465436428785324,2019
330,"Ralf Fährmann",1,21,0,0,0,0,0,0,0,0,"GK","Norwich",0,0,0,0,2019
902,"Sam Byram",17,1292,0,2.19229060038924,0,0.362093256786466,15,6,4,0,"D S","Norwich",0,2.19229060038924,2.70371267199516,1.78595282137394,2019
925,"Patrick Roberts",3,19,0,0,0,0,0,0,0,0,"S","Norwich",0,0,0,0,2019
982,"Tim Krul",36,3240,0,0,0,0,0,0,4,0,"GK","Norwich",0,0,3.51504813507199,3.51504813507199,2019
1217,"Moritz Leitner",9,689,0,0.217812098562717,0,0.36396854557097,8,7,1,0,"M S","Norwich",0,0.217812098562717,4.27574962005019,3.83088978752494,2019
3358,"Ibrahim Amadou",11,757,0,0.592750007286668,0,0.0502862222492695,6,1,1,0,"D M S","Norwich",0,0.592750007286668,1.24645482003689,1.15098229050636,2019
5240,"Ondrej Duda",10,737,0,0.531972069293261,0,1.53366738185287,10,16,0,0,"M S","Norwich",0,0.531972069293261,1.98860466852784,1.07398661784828,2019
7688,"Max Aarons",36,3240,0,0.650880901142955,1,3.89511793106794,14,23,7,0,"D","Norwich",0,0.650880901142955,10.0550056435168,7.37826374731958,2019
7689,"Ben Godfrey",30,2649,0,0.858222792856395,0,0.0743105504661798,15,3,3,1,"D","Norwich",0,0.858222792856395,6.35303333774209,6.24615390598774,2019
7690,"Grant Hanley",15,1261,0,0.439899425953627,0,0,8,0,4,0,"D S","Norwich",0,0.439899425953627,1.79929708689451,1.79929708689451,2019
7692,"Tom Trybull",16,1159,0,0.444253731518984,0,0.150019222870469,11,3,2,0,"M S","Norwich",0,0.444253731518984,3.48755596578121,3.33341448754072,2019
7694,"Marco Stiepermann",24,1201,0,1.29378156550229,0,0.937404895201325,19,12,6,0,"M S","Norwich",0,1.29378156550229,5.15877382829785,3.41288614459336,2019
7990,"Christoph Zimmermann",17,1424,0,0.257801181636751,1,0.0752719771116972,6,2,3,0,"D S","Norwich",0,0.257801181636751,2.7542931009084,2.70889225974679,2019
8021,"Adam Idah",12,197,0,0.826487066224217,0,0.0150213800370693,6,1,0,0,"F S","Norwich",0,0.826487066224217,0.855592798441648,0.0140843503177166,2019
8022,"Michael McGovern",2,159,0,0,0,0,0,0,0,0,"GK S","Norwich",0,0,0.100498005747795,0.100498005747795,2019
8080,"Akin Famewo",1,1,0,0,0,0,0,0,0,0,"S","Norwich",0,0,0,0,2019
8455,"Josh Martin",5,25,0,0.106460005044937,0,0,1,0,0,0,"S","Norwich",0,0.106460005044937,0.106460005044937,0,2019
8518,"Jordan Thomas",1,1,0,0,0,0,0,0,0,0,"S","Norwich",0,0,0,0,2019
702,"Tammy Abraham",34,2233,15,18.0828015506268,3,2.91304815933108,88,21,2,0,"F S","Chelsea",15,18.0828015506268,19.8419197537005,1.54615088738501,2019
700,"Willian",36,2609,9,8.1353374607861,7,8.67942723818123,71,76,4,0,"F M S","Chelsea",5,5.09066211432219,18.4093536809087,10.2276122234762,2019
2662,"Christian Pulisic",25,1738,9,8.9251864105463,4,4.29607973434031,63,30,0,0,"F M S","Chelsea",9,8.9251864105463,16.7466634958982,7.06977665610611,2019
502,"Olivier Giroud",18,1015,8,7.40089758113027,0,1.38836664706469,39,8,1,0,"F S","Chelsea",8,7.40089758113027,9.75419069081545,2.3567660972476,2019
7768,"Mason Mount",37,2894,7,7.49783040955663,5,5.25845676660538,78,52,3,0,"F M S","Chelsea",7,7.49783040955663,16.8750046305358,8.52066310681403,2019
1389,"Jorginho",31,2391,4,3.09700412303209,2,2.9165160683915,12,23,10,0,"M S","Chelsea",1,0.813497595489025,15.9180484712124,14.9924666546285,2019
1621,"Marcos Alonso",18,1436,4,2.54682649578899,2,2.99148733913898,30,25,4,0,"D M S","Chelsea",4,2.54682649578899,10.6067786365747,7.1116813570261,2019
751,"N&#039;Golo Kanté",22,1733,3,1.54391295555979,0,1.52027197740972,18,27,4,0,"M S","Chelsea",3,1.54391295555979,7.20923846121877,4.83798451721668,2019
681,"César Azpilicueta",36,3234,2,2.5943444352597,6,6.0339034087956,29,45,1,0,"D M","Chelsea",2,2.5943444352597,18.3270209692419,14.6431765966117,2019
1822,"Antonio Rüdiger",20,1710,2,0.930454697459936,0,1.17751345783472,12,5,3,0,"D S","Chelsea",2,0.930454697459936,6.22013125382364,6.19061909615993,2019
592,"Ross Barkley",21,1100,1,2.84496433287859,4,2.86024355702102,40,24,0,0,"M S","Chelsea",1,2.84496433287859,10.3418340608478,6.36996168643236,2019
687,"Pedro",11,661,1,2.47247499600053,1,1.07075515761971,22,17,1,0,"F M S","Chelsea",1,2.47247499600053,4.75402640365064,1.5569444578141,2019
703,"Fikayo Tomori",15,1299,1,0.562975381501019,0,0.119876600801945,7,4,3,0,"D","Chelsea",1,0.562975381501019,5.06115599535406,4.99516684375703,2019
1678,"Michy Batshuayi",16,194,1,3.03881897032261,1,0.202503627166152,15,3,0,0,"F S","Chelsea",1,3.03881897032261,3.12880725227296,0.220430783927441,2019
2254,"Mateo Kovacic",31,2086,1,0.97265986353159,3,1.84845319576561,21,28,8,0,"M S","Chelsea",1,0.97265986353159,10.1122225001454,9.03537703305483,2019
6456,"Callum Hudson-Odoi",22,816,1,2.01514294650406,5,2.7081663236022,21,20,1,0,"F M S","Chelsea",1,2.01514294650406,7.24733562488109,3.84706441499293,2019
200,"Andreas Christensen",21,1758,0,0.614143989980221,0,0.851269017904997,7,4,5,0,"D","Chelsea",0,0.614143989980221,6.59843576326966,6.25327968969941,2019
624,"Willy Caballero",5,450,0,0,0,0,0,0,0,0,"GK","Chelsea",0,0,0.146980566903949,0.146980566903949,2019
688,"Ruben Loftus-Cheek",7,195,0,0.544693505391479,1,0.523468554019928,4,1,0,0,"F M S","Chelsea",0,0.544693505391479,1.61993955820799,0.551777502521873,2019
935,"Kurt Zouma",28,2340,0,1.46970952674747,0,0.121913827955723,15,1,6,0,"D S","Chelsea",0,1.46970952674747,9.40210198331624,9.39271780569106,2019
1245,"Emerson",15,1019,0,1.0991344358772,0,1.68792870640755,13,19,3,0,"D M S","Chelsea",0,1.0991344358772,6.9909830018878,5.51544767618179,2019
5061,"Kepa",33,2970,0,0,0,0,0,0,0,0,"GK","Chelsea",0,0,5.26583047583699,5.26583047583699,2019
7988,"Billy Gilmour",6,190,0,0.0284273531287909,0,0.188025701791048,1,4,0,0,"M S","Chelsea",0,0.0284273531287909,1.92614791542292,1.73812229931355,2019
8067,"Reece James",24,1512,0,0.819267086684704,2,3.18141256272793,18,25,1,0,"D M S","Chelsea",0,0.819267086684704,7.32980406284332,6.2092578522861,2019
8226,"Tariq Lamptey",1,26,0,0,0,0.0691558495163918,0,1,0,0,"S","Chelsea",0,0,0.0691558495163918,0,2019
8383,"Faustino Anjorin",1,19,0,0.0166826210916042,0,0,1,0,0,0,"S","Chelsea",0,0.0166826210916042,0.0166826210916042,0,2019
8384,"Armando Broja",1,4,0,0,0,0,0,0,0,0,"S","Chelsea",0,0,0.0208727829158306,0.0208727829158306,2019
531,"Michail Antonio",24,1767,10,13.249549170956,3,3.92149537615478,68,26,3,0,"F M S","West Ham",9,12.4883803334087,13.959707390517,2.27015558071434,2019
6144,"Sébastien Haller",32,2248,7,8.48490078188479,1,2.34311851952225,57,24,1,0,"F S","West Ham",7,8.48490078188479,11.1029773838818,2.63970613852143,2019
1691,"Robert Snodgrass",24,1522,5,2.38650755118579,5,3.73290103767067,21,33,4,0,"F M S","West Ham",5,2.38650755118579,6.51224774122238,3.52415472082794,2019
6274,"Andriy Yarmolenko",23,979,5,2.62559497728944,1,3.42601850070059,26,19,2,0,"M S","West Ham",5,2.62559497728944,6.91968439146876,1.96257843635976,2019
533,"Mark Noble",33,2709,4,2.77382602076977,3,3.18147218879312,17,44,5,0,"M S","West Ham",1,0.490319523029029,10.0379424337298,7.92971147876233,2019
534,"Aaron Cresswell",31,2739,3,1.03253812529147,0,3.00665666535497,18,26,7,0,"D","West Ham",3,1.03253812529147,6.8349421042949,4.89146363735199,2019
3203,"Issa Diop",32,2767,3,1.79526291228831,1,1.82840279303491,16,5,8,0,"D S","West Ham",3,1.79526291228831,3.84344464726746,3.6186532843858,2019
8288,"Tomas Soucek",13,1042,3,2.41837402433157,0,0.343255243264139,20,5,0,0,"M S","West Ham",3,2.41837402433157,3.87319586332887,2.18582923989743,2019
528,"Angelo Ogbonna",31,2790,2,1.30314715765417,0,0.070139704272151,13,2,4,0,"D","West Ham",2,1.30314715765417,2.94799926131964,2.81651073135436,2019
2335,"Pablo Fornals",36,2190,2,2.64342743530869,5,2.29905312694609,36,19,3,0,"M S","West Ham",2,2.64342743530869,7.55635905079544,4.66950361989439,2019
191,"Chicharito",2,107,1,0.88298487663269,0,0,3,0,0,0,"F S","West Ham",1,0.88298487663269,0.895858526229858,0.0704786852002144,2019
1208,"Felipe Anderson",25,1531,1,2.63484670221806,4,2.64747777953744,23,25,1,0,"M S","West Ham",1,2.63484670221806,8.10095041431487,3.8147295024246,2019
1776,"Jarrod Bowen",13,935,1,2.3164738304913,4,2.61239801347256,24,15,0,0,"M S","West Ham",1,2.3164738304913,5.64886156469584,2.02987250685692,2019
5553,"Declan Rice",38,3420,1,1.26638991013169,3,1.30630345735699,31,22,6,0,"D M","West Ham",1,1.26638991013169,8.69338352419436,7.6365680443123,2019
6892,"Fabián Balbuena",17,1174,1,1.33866040408611,0,0.461692690849304,10,1,2,0,"D S","West Ham",1,1.33866040408611,1.54574998468161,1.54574998468161,2019
535,"Manuel Lanzini",24,1372,0,2.14177347626537,2,2.07910853438079,23,31,1,0,"F M S","West Ham",0,2.14177347626537,5.77334933541715,3.43239778466523,2019
540,"Darren Randolph",2,180,0,0,0,0,0,0,0,0,"GK","West Ham",0,0,0,0,2019
610,"Pablo Zabaleta",10,585,0,0,0,0.602839663624763,0,3,2,0,"D M S","West Ham",0,0,2.17680710554123,2.17680710554123,2019
667,"Carlos Sánchez",6,107,0,0,0,0,0,0,0,0,"M S","West Ham",0,0,0.252874061465263,0.252874061465263,2019
706,"Lukasz Fabianski",25,2117,0,0,0,0,0,0,1,0,"GK","West Ham",0,0,1.00383251719177,1.00383251719177,2019
1036,"Jack Wilshere",8,197,0,0,0,0,0,0,0,0,"M S","West Ham",0,0,0.507789194583893,0.507789194583893,2019
1760,"Arthur Masuaku",17,925,0,0.0992211252450943,1,1.25285146385431,5,7,4,1,"D M S","West Ham",0,0.0992211252450943,3.07063955254853,2.87428367696702,2019
2673,"Albian Ajeti",9,114,0,0.202351683750749,0,0.038743831217289,3,2,0,0,"S","West Ham",0,0.202351683750749,0.273331942036748,0.0322364307940006,2019
5087,"Roberto Jiménez",8,687,0,0,0,0,0,0,0,0,"GK S","West Ham",0,0,0.122903097420931,0.122903097420931,2019
5567,"Nathan Holland",2,24,0,0.00977701880037785,0,0,1,0,0,0,"S","West Ham",0,0.00977701880037785,0.00977701880037785,0,2019
6424,"Ben Johnson",3,270,0,0.0153147717937827,0,0.0289694089442492,1,1,0,0,"D","West Ham",0,0.0153147717937827,0.422867223620415,0.422867223620415,2019
6891,"Ryan Fredericks",27,2236,0,0.127229913137853,3,2.98823217488825,3,22,7,0,"D S","West Ham",0,0.127229913137853,6.53519504144788,5.44285038486123,2019
8082,"David Martin",5,436,0,0,0,0,0,0,1,0,"GK S","West Ham",0,0,0.162119209766388,0.162119209766388,2019
8235,"Jeremy Ngakia",5,442,0,0.0140365045517683,0,0,1,0,0,0,"D","West Ham",0,0.0140365045517683,0.891964820213616,0.877928313799202,2019
647,"Harry Kane",29,2595,18,13.2970659509301,2,3.11700630933046,82,27,4,0,"F","Tottenham",16,11.7747650519013,16.8546158839017,3.05130130890757,2019
453,"Son Heung-Min",30,2511,11,9.70170486625284,10,6.72172708809376,81,41,0,2,"F M S","Tottenham",11,8.94053590949625,18.8000116944313,6.51401295512915,2019
645,"Dele Alli",25,1862,8,7.91549464128911,4,3.48386046104133,42,23,2,0,"F M S","Tottenham",7,7.15432577393949,16.5309751853347,6.69290607888252,2019
3293,"Lucas Moura",35,2261,4,5.58206464163959,4,3.27988460659981,56,35,3,0,"F M S","Tottenham",4,5.58206464163959,10.088381383568,3.17877896502614,2019
8300,"Steven Bergwijn",14,698,3,1.1783158108592,1,1.12851430661976,9,13,2,0,"F M S","Tottenham",3,1.1783158108592,2.9552243873477,1.40371672436595,2019
639,"Toby Alderweireld",33,2959,2,0.455598174594343,2,1.22739436943084,15,11,7,0,"D","Tottenham",2,0.455598174594343,8.16016544029117,7.05638075619936,2019
644,"Erik Lamela",25,1190,2,2.30997266992927,1,1.01131384540349,29,18,3,0,"F M S","Tottenham",2,2.30997266992927,6.63791863247752,4.43607874214649,2019
646,"Christian Eriksen",20,1075,2,1.76443070545793,2,2.25951733440161,26,23,5,0,"F M S","Tottenham",2,1.76443070545793,4.08146394602954,1.77937436196953,2019
772,"Moussa Sissoko",29,2466,2,2.53925241529942,1,1.69564632512629,15,16,8,0,"D M S","Tottenham",2,2.53925241529942,8.97499118745327,5.87564988806844,2019
5962,"Tanguy NDombele Alvaro",21,1002,2,0.352954987436533,2,0.79750450886786,9,12,3,0,"M S","Tottenham",2,0.352954987436533,5.34064129181206,4.96301106922328,2019
640,"Jan Vertonghen",23,1651,1,0.637748884037137,1,1.01792180538177,4,3,2,0,"D M S","Tottenham",1,0.637748884037137,4.36938269622624,3.7159959319979,2019
3600,"Serge Aurier",33,2716,1,0.484774434939027,5,3.60231201536953,13,33,2,1,"D M S","Tottenham",1,0.484774434939027,10.1321884226054,6.7963621225208,2019
637,"Hugo Lloris",21,1808,0,0,0,0,0,0,0,0,"GK","Tottenham",0,0,0.612896809354424,0.612896809354424,2019
641,"Danny Rose",12,895,0,0.0881984941661358,0,0.67610509134829,2,11,5,0,"D M S","Tottenham",0,0.0881984941661358,1.70483326725662,1.39583561848849,2019
643,"Eric Dier",19,1339,0,1.02971593290567,2,0.283680496737361,8,7,5,0,"D M S","Tottenham",0,1.02971593290567,5.14877374749631,4.2506631501019,2019
660,"Ben Davies",18,1434,0,0.219251541420817,0,0.957883164286613,7,9,6,0,"D M S","Tottenham",0,0.219251541420817,4.0678908508271,3.52390163205564,2019
836,"Victor Wanyama",2,21,0,0,0,0,0,0,1,0,"S","Tottenham",0,0,0.128570690751076,0.128570690751076,2019
885,"Kyle Walker-Peters",3,245,0,0.0239913575351238,0,0.0696899201720953,1,2,0,0,"D","Tottenham",0,0.0239913575351238,0.489427994936705,0.47208870574832,2019
971,"Harry Winks",31,2236,0,0.390079569071531,0,0.899268100038171,14,17,9,0,"M S","Tottenham",0,0.390079569071531,7.99780320934951,7.14021605066955,2019
973,"Paulo Gazzaniga",18,1612,0,0,0,0.400061249732971,0,1,1,0,"GK S","Tottenham",0,0,2.29961300641298,1.89955174550414,2019
1729,"Georges-Kévin Nkoudou",1,1,0,0.0563584230840206,0,0,1,0,0,0,"S","Tottenham",0,0.0563584230840206,0.0563584230840206,0,2019
5681,"Giovani Lo Celso",28,1477,0,1.37952779605985,2,1.70729183405638,18,29,6,0,"M S","Tottenham",0,1.37952779605985,7.93205602094531,5.9397904612124,2019
6249,"Davinson Sánchez",29,2433,0,0.755370374768972,0,0.0362889170646667,7,1,6,0,"D S","Tottenham",0,0.755370374768972,7.25579681806266,7.219507900998,2019
6306,"Juan Foyth",4,67,0,0,0,0.0235011298209429,0,1,1,0,"D S","Tottenham",0,0,0.0990934669971466,0.0990934669971466,2019
6837,"Ryan Sessegnon",6,341,0,0.0926318690180779,0,0.0479493401944637,1,2,0,0,"D M S","Tottenham",0,0.0926318690180779,0.525665014982224,0.401522591710091,2019
7198,"Oliver Skipp",7,70,0,0,0,0,0,0,0,0,"M S","Tottenham",0,0,0,0,2019
8145,"Troy Parrott",2,3,0,0,0,0,0,0,0,0,"S","Tottenham",0,0,0,0,2019
8222,"Japhet Tanganga",6,528,0,0.0534682162106037,0,0.0291178189218044,3,1,1,0,"D M","Tottenham",0,0.0534682162106037,0.748959809541702,0.70845702663064,2019
8257,"Gedson Fernandes",7,51,0,0.0199505630880594,0,0.0919101871550083,1,2,0,0,"S","Tottenham",0,0.0199505630880594,0.267960222437978,0.15609947219491,2019
318,"Pierre-Emerick Aubameyang",36,3143,22,16.3526230808347,3,4.49248691648245,93,26,3,1,"F M S","Arsenal",20,14.8303589876741,19.9642820358276,5.33965747058392,2019
3277,"Alexandre Lacazette",30,1890,10,8.66464820317924,4,3.3422909155488,52,24,8,0,"F S","Arsenal",10,8.66464820317924,12.0613016523421,2.50563462264836,2019
5656,"Nicolas Pepe",31,2021,5,5.06930527091026,5,4.90421979129314,50,39,4,0,"F M S","Arsenal",4,4.30813646316528,10.9242300577462,4.81449409946799,2019
7752,"Gabriel Martinelli",14,643,3,2.24248345568776,0,0.113541884347796,12,2,1,0,"M S","Arsenal",3,2.24248345568776,2.99593302980065,0.639907656237483,2019
371,"Sokratis",19,1698,2,1.45050478167832,0,0.752975642681122,7,2,6,0,"D","Arsenal",2,1.45050478167832,4.34215160179883,4.34215160179883,2019
1676,"David Luiz",33,2818,2,1.5601535718888,1,0.797488005831838,23,4,5,2,"D S","Arsenal",2,1.5601535718888,9.72422535344958,8.91132308170199,2019
6482,"Eddie Nketiah",13,629,2,3.47872930020094,0,0.631174701265991,15,5,0,1,"F S","Arsenal",2,3.47872930020094,4.13464970141649,0.578408159315586,2019
204,"Granit Xhaka",31,2598,1,0.571229909546673,2,0.972196632996202,11,16,10,0,"M S","Arsenal",1,0.571229909546673,12.9738598801196,12.263057757169,2019
492,"Héctor Bellerín",15,1164,1,0.432504616677761,0,0.449982605874538,7,3,2,0,"D M S","Arsenal",1,0.432504616677761,4.19036073982716,3.45375423878431,2019
499,"Mesut Özil",18,1472,1,1.70827344991267,2,2.28740838542581,9,37,1,0,"M","Arsenal",1,1.70827344991267,8.39906123280525,6.21002469211817,2019
508,"Calum Chambers",14,1102,1,0.632949533872306,1,2.24144379422069,12,7,5,0,"D S","Arsenal",1,0.632949533872306,4.40614826232195,3.21047102659941,2019
847,"Cédric Soares",5,253,1,0.015810638666153,0,0.0405561812222004,1,1,0,0,"M S","Arsenal",1,0.015810638666153,0.0354575403034687,0.0354575403034687,2019
1227,"Lucas Torreira",29,1496,1,1.45724871382117,1,0.825807972811162,21,13,7,0,"M S","Arsenal",1,1.45724871382117,6.48121980577707,4.91352467238903,2019
6492,"Reiss Nelson",17,621,1,1.27358692884445,0,0.362936071120203,11,9,1,0,"F M S","Arsenal",1,1.27358692884445,1.92801160365343,0.759888520464301,2019
6630,"Joe Willock",29,819,1,2.3209964223206,1,1.04680949635804,15,12,2,0,"M S","Arsenal",1,2.3209964223206,5.56023746728897,3.18369335308671,2019
7322,"Bukayo Saka",26,1769,1,1.1424387358129,5,3.68035355582833,13,21,6,0,"D F M S","Arsenal",1,1.1424387358129,7.81250563263893,5.02292485535145,2019
8089,"Kieran Tierney",15,996,1,0.228362441062927,1,0.753617685288191,6,6,2,0,"D M S","Arsenal",1,0.228362441062927,2.88077126815915,2.30980633944273,2019
181,"Bernd Leno",30,2649,0,0,0,0,0,0,2,0,"GK","Arsenal",0,0,4.03820218797773,4.03820218797773,2019
317,"Henrikh Mkhitaryan",3,109,0,0.429517909884453,0,0.2743019759655,2,2,1,0,"M S","Arsenal",0,0.429517909884453,0.867072910070419,0.290070712566376,2019
342,"Sead Kolasinac",26,1687,0,0.254988367669284,2,1.33430372551084,4,10,4,0,"D M S","Arsenal",0,0.254988367669284,8.02809936925769,7.04123165085912,2019
495,"Nacho Monreal",3,270,0,0.0439803302288055,0,0.459433019161224,1,3,0,0,"D","Arsenal",0,0.0439803302288055,0.667090658098459,0.58242941275239,2019
1699,"Shkodran Mustafi",15,1208,0,0.568025729618967,1,0.575872842222452,11,3,2,0,"D S","Arsenal",0,0.568025729618967,4.49994727224112,3.9672172293067,2019
1749,"Rob Holding",8,576,0,0.109356366097927,0,0,2,0,1,0,"D S","Arsenal",0,0.109356366097927,0.443641610443592,0.443641610443592,2019
1750,"Ainsley Maitland-Niles",20,1372,0,0.508408132940531,2,1.64609637111425,4,11,4,1,"D S","Arsenal",0,0.508408132940531,5.1565033197403,3.56714893691242,2019
2446,"Dani Ceballos",24,1722,0,0.470074135810137,2,1.57614366896451,13,28,1,0,"M S","Arsenal",0,0.470074135810137,8.66311746276915,7.35291136801243,2019
4401,"Emiliano Martinez",9,771,0,0,0,0,0,0,2,0,"GK S","Arsenal",0,0,0.907871846109629,0.907871846109629,2019
5759,"Matteo Guendouzi",24,1744,0,0.529899552464485,1,1.06330328434706,11,12,6,0,"M S","Arsenal",0,0.529899552464485,6.53160500526428,5.21248057484627,2019
7230,"Emile Smith-Rowe",2,96,0,0,0,0,0,0,0,0,"M S","Arsenal",0,0,0,0,2019
8380,"Pablo Marí",2,113,0,0,0,0,0,0,0,0,"D","Arsenal",0,0,0.513599440455437,0.513599440455437,2019
769,"Jonjo Shelvey",26,2136,6,2.24221378006041,2,4.14161227829754,45,44,3,0,"M S","Newcastle United",6,2.24221378006041,7.48712793458253,4.89264416694641,2019
743,"Dwight Gayle",20,856,4,4.63950003683567,2,0.890067921020091,23,6,2,0,"F S","Newcastle United",4,4.63950003683567,5.12492184340954,1.8412650860846,2019
7420,"Miguel Almirón",36,3063,4,7.75513766519725,2,2.90122942067683,55,31,5,0,"F M S","Newcastle United",4,7.75513766519725,13.875709598884,3.98984450474381,2019
101,"Allan Saint-Maximin",26,1896,3,2.94251694716513,4,4.33181169256568,46,33,0,0,"F M S","Newcastle United",3,2.94251694716513,9.65779526159167,4.27179218456149,2019
76,"Fabian Schär",22,1675,2,1.05958828236908,0,0.10137988999486,20,4,5,0,"D M S","Newcastle United",2,1.05958828236908,2.57866196148098,1.86530566774309,2019
87,"Joelinton",38,2722,2,6.03104104474187,2,3.10116610862315,50,29,7,0,"F M S","Newcastle United",2,6.03104104474187,12.0420838780701,4.82217684015632,2019
461,"Matt Ritchie",18,1321,2,1.51073953695595,1,2.34536505118012,26,32,4,0,"D M S","Newcastle United",2,0.749570664018393,2.73980284668505,1.41841934248805,2019
708,"Federico Fernández",32,2610,2,1.78135794214904,2,1.46521101891994,15,4,8,0,"D S","Newcastle United",2,1.78135794214904,4.3513939678669,3.79748725146055,2019
875,"Ciaran Clark",14,1192,2,0.751912046223879,0,0.0548618137836456,6,1,3,0,"D","Newcastle United",2,0.751912046223879,2.04942443408072,2.00884585641325,2019
5073,"Florian Lejeune",6,442,2,0.381147096864879,0,0.0512492246925831,4,1,0,0,"D S","Newcastle United",2,0.381147096864879,0.268942289054394,0.206484097987413,2019
6143,"Jetro Willems",19,1501,2,0.485310218296945,2,1.08273507701233,14,16,0,0,"D M S","Newcastle United",2,0.485310218296945,3.26510699093342,1.96535764355212,2019
8016,"Matthew Longstaff",9,564,2,0.696518208831549,0,0.189561309292912,4,3,1,0,"M S","Newcastle United",2,0.696518208831549,1.10648333653808,0.250694546848536,2019
727,"DeAndre Yedlin",16,935,1,0.751930058002472,0,0.266915280371904,1,7,3,0,"D M S","Newcastle United",1,0.751930058002472,2.28846960328519,1.33994409628212,2019
766,"Jamaal Lascelles",24,2084,1,0.441191584803164,0,0.141974769532681,9,2,5,0,"D","Newcastle United",1,0.441191584803164,2.99854176677763,2.85357111506164,2019
6062,"Isaac Hayden",29,2224,1,1.39073557406664,2,2.53377371840179,18,15,4,1,"D M S","Newcastle United",1,1.39073557406664,7.82953654043376,4.89385091979057,2019
6352,"Valentino Lazaro",13,455,1,0.493495911359787,0,0.177998118102551,4,6,0,1,"D M S","Newcastle United",1,0.493495911359787,1.67484549898654,1.18880097288638,2019
7078,"Sean Longstaff",23,1354,1,1.17761623114347,1,0.933659235015512,25,15,2,1,"M S","Newcastle United",1,1.17761623114347,2.80594080500305,2.13690778426826,2019
47,"Yoshinori Muto",8,193,0,0.0836718380451202,0,0.0141810271888971,1,1,0,0,"M S","Newcastle United",0,0.0836718380451202,0.206970937550068,0.109118072316051,2019
537,"Andy Carroll",19,582,0,1.49479449447244,4,0.909442947246134,16,12,1,0,"F S","Newcastle United",0,1.49479449447244,2.18872873112559,1.04943607375026,2019
641,"Danny Rose",11,871,0,0,0,0.20446920953691,0,3,2,0,"D S","Newcastle United",0,0,1.28905989229679,1.28905989229679,2019
723,"Ki Sung-yueng",3,137,0,0,0,0.0551165826618671,0,2,0,0,"M S","Newcastle United",0,0,0.0425188131630421,0,2019
853,"Paul Dummett",16,1229,0,0.0241639092564583,0,0.198086363263428,2,4,2,0,"D M S","Newcastle United",0,0.0241639092564583,1.69532731454819,1.5707177920267,2019
914,"Nabil Bentaleb",12,750,0,0.0619124956429005,0,0.195301443338394,4,8,2,0,"M S","Newcastle United",0,0.0619124956429005,1.95164886116982,1.76313375122845,2019
1545,"Emil Krafth",17,1024,0,0.352687070146203,1,0.703287482261658,4,1,0,0,"D M S","Newcastle United",0,0.352687070146203,1.79572729766369,0.739752745255828,2019
1719,"Javier Manquillo",21,1598,0,0.0359476059675217,1,0.262780737131834,1,5,5,0,"D M S","Newcastle United",0,0.0359476059675217,3.05905600450933,2.83941549155861,2019
2344,"Christian Atsu",19,733,0,0.246356723830104,3,0.712301993742585,5,13,2,0,"M S","Newcastle United",0,0.246356723830104,1.53348910808563,0.70730471983552,2019
6532,"Martin Dubravka",38,3420,0,0,0,0,0,0,0,0,"GK","Newcastle United",0,0,2.55671306978911,2.55671306978911,2019
7602,"Kelland Watts",1,12,0,0,0,0,0,0,0,0,"S","Newcastle United",0,0,0,0,2019
1250,"Mohamed Salah",34,2904,19,20.6633187010884,10,8.72604252398014,132,60,1,0,"F S","Liverpool",16,18.3798121288419,31.3741979300976,8.42502685263753,2019
838,"Sadio Mané",35,2761,18,14.5774829015136,7,7.23569347709417,77,59,3,0,"F M S","Liverpool",18,14.5774829015136,25.0732052028179,6.7670140042901,2019
482,"Roberto Firmino",38,3035,9,16.686229031533,8,7.34665600396693,98,52,0,0,"F M S","Liverpool",9,16.686229031533,28.271100923419,9.46331227943301,2019
833,"Virgil van Dijk",38,3420,5,2.95781619101763,1,1.13343634083867,31,7,1,0,"D","Liverpool",5,2.95781619101763,15.3097048066556,14.6737149115652,2019
484,"Divock Origi",28,680,4,2.09656030870974,1,0.825355440378189,14,8,1,0,"F S","Liverpool",4,2.09656030870974,3.53644574247301,0.834247447550297,2019
605,"Jordan Henderson",30,2254,4,1.18468881584704,5,4.10806204006076,20,27,2,0,"M S","Liverpool",4,1.18468881584704,15.8585632890463,12.1521188952029,2019
771,"Georginio Wijnaldum",37,2980,4,2.65108157135546,0,0.808545717969537,36,18,0,0,"M S","Liverpool",4,2.65108157135546,13.4786531962454,10.8567139096558,2019
966,"Alex Oxlade-Chamberlain",30,1511,4,2.50446750596166,1,0.943688740953803,40,17,1,0,"F M S","Liverpool",4,2.50446750596166,5.69325125031173,2.64896566979587,2019
1791,"Trent Alexander-Arnold",38,3183,4,3.08446079492569,13,11.1669664494693,45,86,5,0,"D S","Liverpool",4,3.08446079492569,20.6366883460432,13.5970493592322,2019
489,"James Milner",22,895,2,2.16473350673914,2,0.934652116149664,12,11,4,0,"D M S","Liverpool",0,0.642395801842213,6.64624130725861,5.74098116159439,2019
1688,"Andrew Robertson",36,3114,2,1.81459292024374,12,7.89749323576689,22,60,2,0,"D S","Liverpool",2,1.81459292024374,20.395998314023,15.3126571886241,2019
3420,"Fabinho",28,2063,2,0.308101525530219,3,1.67514011729509,12,19,6,0,"M S","Liverpool",2,0.308101525530219,11.5025769025087,10.2851078957319,2019
5247,"Naby Keita",18,812,2,1.72337391041219,3,3.21554386802018,12,15,1,0,"M S","Liverpool",2,1.72337391041219,9.58845301903784,5.72976752184331,2019
332,"Joel Matip",9,706,1,0.301780706271529,0,0.0156641583889723,4,1,0,0,"D S","Liverpool",1,0.301780706271529,1.5552880205214,1.53962386213243,2019
486,"Adam Lallana",15,362,1,0.808685023337603,1,0.653671555221081,5,4,1,0,"M S","Liverpool",1,0.808685023337603,3.72050705179572,2.31355026364326,2019
888,"Xherdan Shaqiri",7,175,1,0.540840737521648,0,0.178498260676861,4,3,0,0,"M S","Liverpool",1,0.540840737521648,0.724148284643888,0.0445754192769527,2019
6665,"Curtis Jones",6,108,1,0.814716346561909,0,0,6,0,0,0,"M S","Liverpool",1,0.814716346561909,1.36740781366825,0.933323532342911,2019
527,"Adrián",11,873,0,0,0,0,0,0,1,0,"GK S","Liverpool",0,0,2.57433118671179,2.57433118671179,2019
602,"Dejan Lovren",10,774,0,0.204140085726976,1,0.301988303661346,5,1,1,0,"D S","Liverpool",0,0.204140085726976,3.0910934843123,3.0910934843123,2019
987,"Joseph Gomez",28,1996,0,0.0183791555464268,0,0.163564123213291,1,5,7,0,"D S","Liverpool",0,0.0183791555464268,8.47032834775746,8.29664245992899,2019
1257,"Alisson",29,2545,0,0,1,0.262915223836899,0,1,0,1,"GK","Liverpool",0,0,6.83163454569876,6.56871933676302,2019
7546,"Harvey Elliott",2,5,0,0,0,0,0,0,0,0,"S","Liverpool",0,0,0,0,2019
8204,"Neco Williams",6,235,0,0.233528453856707,0,0.0466723442077637,7,2,1,0,"D S","Liverpool",0,0.233528453856707,0.930301740765572,0.727927759289742,2019
8239,"Takumi Minamino",10,233,0,0.838236603885889,0,0.0161428786814213,8,1,0,0,"F S","Liverpool",0,0.838236603885889,1.21213201060891,0.43118904158473,2019
618,"Raheem Sterling",33,2678,20,19.7999064810574,1,7.20858628489077,100,48,5,0,"F M S","Manchester City",20,18.2775687463582,31.4420103430748,10.1859974041581,2019
619,"Sergio Agüero",24,1462,16,15.5575003251433,3,2.9202088303864,76,19,1,0,"F S","Manchester City",14,13.2740306779742,16.8782540038228,2.64476617332548,2019
447,"Kevin De Bruyne",35,2818,14,8.10642783530056,20,20.6207069344819,100,133,3,0,"M S","Manchester City",12,6.58409016020596,37.798310726881,19.2448237128556,2019
5543,"Gabriel Jesus",34,2022,14,21.0152012966573,7,3.59885825589299,101,32,3,0,"F S","Manchester City",14,20.2540324293077,27.6522338576615,7.18130973726511,2019
750,"Riyad Mahrez",33,1938,11,8.64965567924082,9,11.0598491001874,74,60,0,0,"F M S","Manchester City",10,7.88848681561649,27.7655298933387,13.2858809418976,2019
3635,"Bernardo Silva",34,2020,6,7.42034055292606,7,6.312828656286,52,51,5,0,"F M S","Manchester City",6,7.42034055292606,23.8377961292863,14.7273524589837,2019
617,"David Silva",27,1846,5,6.93236867710948,10,7.65098753944039,46,49,0,0,"M S","Manchester City",5,6.93236867710948,24.6870039850473,12.7642204612494,2019
6055,"Phil Foden",23,888,5,3.55682967789471,2,1.55908038280904,34,18,0,0,"F M S","Manchester City",5,3.55682967789471,9.37216493114829,5.84877142310143,2019
2496,"Rodri",35,2488,3,0.744079131633043,2,2.91029303148389,24,33,8,0,"D M S","Manchester City",3,0.744079131633043,22.6972501538694,21.2171744313091,2019
314,"Ilkay Gündogan",31,2006,2,4.34670309349895,1,2.91919637843966,32,34,7,0,"M S","Manchester City",1,2.8244022410363,19.2615746669471,15.2462295517325,2019
611,"Nicolás Otamendi",24,1705,2,2.05482095293701,0,0.177584188990295,15,4,3,0,"D S","Manchester City",2,2.05482095293701,10.6393293775618,10.6018525995314,2019
638,"Kyle Walker",29,2407,1,1.31223672814667,4,1.93093538843095,14,19,5,0,"D M S","Manchester City",1,1.31223672814667,17.8752870410681,16.1410789862275,2019
2498,"Aymeric Laporte",15,1112,1,0.719227731227875,0,0.179037310183048,4,3,1,0,"D S","Manchester City",1,0.719227731227875,7.4320424683392,7.25238828733563,2019
337,"Leroy Sané",1,6,0,0.0981592610478401,0,0,2,0,0,0,"S","Manchester City",0,0.0981592610478401,0.172169402241707,0.121034979820251,2019
586,"John Stones",16,1114,0,0.547632620669901,0,0.0606299284845591,6,2,0,0,"D S","Manchester City",0,0.547632620669901,6.48563700914383,6.46672432124615,2019
614,"Fernandinho",30,2401,0,0.761759221553802,1,0.447912704199553,16,8,7,2,"D M S","Manchester City",0,0.761759221553802,16.4618584923446,16.1929758898914,2019
1040,"Angelino",6,417,0,0.209232933819294,0,1.92320493608713,5,9,1,0,"D S","Manchester City",0,0.209232933819294,2.76335328817368,2.36925286054611,2019
1731,"Claudio Bravo",4,347,0,0,0,0,0,0,0,0,"GK S","Manchester City",0,0,0.704124502837658,0.704124502837658,2019
2379,"João Cancelo",17,1198,0,0.560565182939172,0,2.99957540165633,15,17,4,0,"D M S","Manchester City",0,0.560565182939172,14.2266982831061,11.609893258661,2019
2958,"Oleksandr Zinchenko",19,1265,0,0.477002002298832,0,2.09300703369081,16,20,0,1,"D M S","Manchester City",0,0.477002002298832,10.3446001764387,9.80920628085732,2019
3389,"Benjamin Mendy",19,1508,0,0.317463351413608,3,1.62600803468376,10,21,3,0,"D M S","Manchester City",0,0.317463351413608,10.9501784332097,10.0081606395543,2019
6054,"Ederson",35,3071,0,0,0,0.0747935920953751,0,1,3,1,"GK","Manchester City",0,0,8.33819955214858,8.26340594515204,2019
8045,"Eric Garcia",13,780,0,0.603948175907135,0,0.222609508782625,2,2,1,0,"D S","Manchester City",0,0.603948175907135,4.96490088105202,4.96490088105202,2019
8496,"Tommy Doyle",1,13,0,0.0776005163788795,0,0,1,0,0,0,"S","Manchester City",0,0.0776005163788795,0.0776005163788795,0,2019
553,"Anthony Martial",32,2672,17,13.2404947802424,6,4.61877665482461,80,30,1,0,"F S","Manchester United",17,12.4793260619044,20.4095631875098,6.35781746730208,2019
556,"Marcus Rashford",31,2673,17,19.5037276055664,7,5.45717286877334,95,33,3,0,"F M","Manchester United",11,13.4144136775285,20.2447978388518,5.90657303668559,2019
7490,"Mason Greenwood",31,1304,10,3.38785736262798,1,1.41150779370219,39,14,0,0,"F M S","Manchester United",10,3.38785736262798,8.51698045060039,4.28445837832987,2019
1228,"Bruno Fernandes",14,1211,8,5.98608050495386,7,2.7550002746284,44,30,2,0,"M","Manchester United",4,2.94144190102816,8.51376054808497,4.86424545198679,2019
5560,"Scott McTominay",27,1771,3,2.02198286913335,1,1.43121399730444,29,16,2,0,"M S","Manchester United",3,2.02198286913335,5.71903022378683,4.45356973819435,2019
5595,"Daniel James",33,2291,3,3.60313109308481,6,4.26418452896178,42,26,4,0,"F M S","Manchester United",3,3.60313109308481,11.158989392221,5.39897454716265,2019
558,"Jesse Lingard",22,919,1,2.32756955176592,0,1.11042032111436,22,20,3,0,"M S","Manchester United",1,2.32756955176592,7.16281054913998,3.92790787573904,2019
922,"Andreas Pereira",25,1501,1,2.28559188731015,3,3.70792324468493,37,31,3,0,"M S","Manchester United",1,2.28559188731015,8.9488900564611,4.52667338587344,2019
1687,"Harry Maguire",38,3420,1,2.7722497517243,0,0.45392469316721,31,16,6,0,"D","Manchester United",1,2.7722497517243,12.0299432044849,11.7148049054667,2019
1740,"Paul Pogba",16,1206,1,2.15086915809661,3,3.05619171261787,22,30,1,0,"M S","Manchester United",1,1.38970030006021,8.76566277444363,7.23156889900565,2019
6080,"Victor Lindelöf",35,3100,1,0.184089841321111,0,0.370490724220872,6,4,6,0,"D","Manchester United",1,0.184089841321111,8.87829983606935,8.86801265180111,2019
8075,"Brandon Williams",17,1005,1,0.997884336858988,0,0.667070036754012,6,13,6,0,"D M S","Manchester United",1,0.997884336858988,5.71048570796847,4.34855712391436,2019
546,"David de Gea",38,3420,0,0,0,0,0,0,2,0,"GK","Manchester United",0,0,4.69521068315953,4.69521068315953,2019
549,"Timothy Fosu-Mensah",3,139,0,0.0857813805341721,0,0.125748336315155,1,2,1,0,"D S","Manchester United",0,0.0857813805341721,0.602088883519173,0.47990095615387,2019
550,"Marcos Rojo",3,119,0,0.13206884264946,0,0,1,0,1,0,"D S","Manchester United",0,0.13206884264946,0.0324193723499775,0.0324193723499775,2019
554,"Juan Mata",19,740,0,1.21708226203918,2,2.10493126511574,10,18,1,0,"M S","Manchester United",0,1.21708226203918,4.74943391606212,3.05750958807766,2019
573,"Odion Ighalo",11,69,0,2.4563128054142,0,0.0870993435382843,7,2,0,0,"S","Manchester United",0,2.4563128054142,2.62223253771663,0.0788204073905945,2019
631,"Ashley Young",12,956,0,0.082673592492938,0,1.66873881220818,3,19,5,0,"D M S","Manchester United",0,0.082673592492938,3.16205507703125,2.87949268706143,2019
697,"Nemanja Matic",21,1586,0,0.234302807599306,2,0.894650753587484,7,15,2,0,"M S","Manchester United",0,0.234302807599306,9.27742712199688,8.34947345033288,2019
934,"Axel Tuanzebe",5,186,0,0,0,0,0,0,0,0,"D S","Manchester United",0,0,0.173849247395992,0.173849247395992,2019
951,"Phil Jones",2,137,0,0.114845745265484,0,0,2,0,0,0,"D","Manchester United",0,0.114845745265484,0.354166325181723,0.354166325181723,2019
1006,"Luke Shaw",24,1735,0,0.719465984962881,0,1.37555840518326,11,19,7,0,"D S","Manchester United",0,0.719465984962881,7.25877028983086,6.28143314644694,2019
1739,"Eric Bailly",4,142,0,0,0,0,0,0,0,0,"D S","Manchester United",0,0,0.518024755641818,0.518024755641818,2019
5584,"Aaron Wan-Bissaka",35,3075,0,0.814919112250209,4,3.49091675598174,7,25,8,0,"D M S","Manchester United",0,0.814919112250209,14.1655797623098,11.5211686193943,2019
5598,"Angel Gomes",2,17,0,0,0,0.229203283786774,0,2,0,0,"S","Manchester United",0,0,0.252397283911705,0.162215784192085,2019
6817,"Fred",29,2147,0,1.59174005780369,0,2.31413254328072,40,35,8,0,"M S","Manchester United",0,1.59174005780369,12.0332466959953,9.72684528678656,2019
7281,"Diogo Dalot",4,65,0,0.371559828519821,0,0,1,0,0,0,"D S","Manchester United",0,0.371559828519821,0.390380969271064,0.0188211407512426,2019
7438,"James Garner",1,5,0,0,0,0,0,0,0,0,"S","Manchester United",0,0,0.0362557768821716,0.0362557768821716,2019
7439,"Tahith Chong",3,29,0,0.0718817114830017,0,0,1,0,0,0,"S","Manchester United",0,0.0718817114830017,0.0859995745122433,0.0141178630292416,2019
574,"Troy Deeney",27,2253,10,11.5891937986016,2,3.73570302315056,45,29,3,0,"F S","Watford",5,7.02218071371317,11.6324635427445,3.33459750469774,2019
5675,"Ismaila Sarr",28,2038,5,5.96819850243628,4,4.35110914427787,43,25,1,0,"F M S","Watford",5,5.96819850243628,11.6523366011679,3.36678944341838,2019
591,"Gerard Deulofeu",28,2137,4,6.21323252096772,5,4.78634134680033,63,43,4,0,"F M S","Watford",3,5.45206365734339,11.5136580578983,3.6732959151268,2019
1726,"Abdoulaye Doucouré",37,3189,4,5.28090961650014,2,4.084617623128,61,38,8,0,"M S","Watford",4,5.28090961650014,13.5404540766031,7.19361769407988,2019
1723,"Roberto Pereyra",28,1656,3,3.14688592590392,0,1.36002440471202,21,20,4,0,"F M S","Watford",2,2.38571705855429,4.77689311746508,1.62599183060229,2019
501,"Danny Welbeck",18,791,2,3.38559503853321,0,0.235427277162671,22,3,0,0,"F M S","Watford",2,3.38559503853321,3.55665446445346,0.284799017943442,2019
804,"Craig Dawson",29,2356,2,2.24086863640696,0,0.337461233139038,26,5,6,0,"D S","Watford",2,2.24086863640696,4.19716775324196,3.98917105235159,2019
1660,"Andre Gray",23,725,2,2.58953768759966,0,1.86597464978695,19,10,1,0,"F S","Watford",2,2.58953768759966,4.64888027869165,0.297836739569902,2019
596,"Tom Cleverley",18,952,1,1.78007014095783,0,0.718299310654402,17,15,2,0,"M S","Watford",1,1.78007014095783,4.64714455325156,2.58817895594984,2019
1441,"Adam Masina",26,1818,1,0.849282583221793,0,0.417630839161575,15,10,3,0,"D S","Watford",1,0.849282583221793,2.98186349403113,2.14597405493259,2019
6104,"Will Hughes",30,2300,1,2.38831102661788,1,2.17731487192214,27,25,9,0,"M S","Watford",1,2.38831102661788,6.43004491738975,3.39861947484314,2019
524,"Adrian Mariappa",20,1503,0,0.167165871709585,0,0.247899685055017,3,4,4,1,"D S","Watford",0,0.167165871709585,2.85315759666264,2.56019076798111,2019
566,"Sebastian Prödl",1,57,0,0.05795768648386,0,0,2,0,0,0,"D","Watford",0,0.05795768648386,0,0,2019
568,"José Holebas",14,1019,0,0.238553644157946,0,0.542935639619827,6,11,5,0,"D S","Watford",0,0.238553644157946,2.6095197815448,2.23769266717136,2019
572,"Etienne Capoue",30,2643,0,0.641658309847116,3,2.54324705526233,19,19,8,0,"M","Watford",0,0.641658309847116,8.06686090864241,6.25709084421396,2019
581,"Craig Cathcart",29,2490,0,0.185175627470016,0,0.0753878466784954,2,2,7,0,"D S","Watford",0,0.185175627470016,2.23296462092549,2.19533149991184,2019
764,"Daryl Janmaat",8,611,0,0.330764966085553,1,0.398330111056566,4,6,1,0,"D M S","Watford",0,0.330764966085553,1.80352059192955,1.27393504045904,2019
803,"Ben Foster",38,3420,0,0.345803916454315,0,0.0367065705358982,1,1,1,0,"GK","Watford",0,0.345803916454315,1.58045467641205,1.54374810215086,2019
1677,"Nathaniel Chalobah",22,915,0,0.49869198165834,1,1.61613800376654,9,9,1,0,"M S","Watford",0,0.49869198165834,2.39655489474535,1.41366963274777,2019
1724,"Isaac Success",5,54,0,0.0947981029748917,0,0.0546776875853539,1,1,1,0,"S","Watford",0,0.0947981029748917,0.194449692964554,0.044973898679018,2019
1725,"Christian Kabasele",27,2261,0,0.825311512686312,2,0.639217475429177,9,5,1,2,"D S","Watford",0,0.825311512686312,2.30373400077224,2.27840066328645,2019
2509,"Dimitri Foulquier",3,52,0,0,0,0,0,0,0,0,"M S","Watford",0,0,0,0,2019
5043,"Kiko Femenía",28,2253,0,0.122047039680183,0,1.20101111754775,5,18,5,0,"D M S","Watford",0,0.122047039680183,3.48538937792182,2.78293468337506,2019
5573,"Domingos Quina",4,9,0,0.0213209837675095,0,0,1,0,0,0,"S","Watford",0,0.0213209837675095,0.0213209837675095,0,2019
6997,"Ignacio Pussetto",7,48,0,0,0,0,0,0,1,0,"S","Watford",0,0,0,0,2019
8272,"João Pedro",3,14,0,0.0429236255586147,0,0,1,0,0,0,"S","Watford",0,0.0429236255586147,0.0429236255586147,0,2019
4456,"Chris Wood",32,2462,14,17.2262015193701,1,1.47099608927965,65,22,1,0,"F S","Burnley",13,16.4650327116251,12.6426508836448,2.45541091542691,2019
844,"Jay Rodriguez",36,1987,8,8.95688277389854,1,0.768310897052288,67,6,1,0,"F S","Burnley",7,8.19571387674659,7.03594208229333,1.25789668597281,2019
4422,"Ashley Barnes",19,1386,6,6.51692735403776,0,0.308820500969887,40,5,4,0,"F S","Burnley",5,5.7557585015893,5.06096661835909,1.57407921366394,2019
669,"Ashley Westwood",35,3150,2,1.17516257520765,6,7.07690187543631,13,54,9,0,"M","Burnley",2,1.17516257520765,9.22550824657083,6.14405468478799,2019
1017,"Matej Vydra",19,794,2,4.00359711796045,1,0.745943145826459,18,8,0,0,"F S","Burnley",2,4.00359711796045,5.32138010114431,0.667027810588479,2019
1665,"James Tarkowski",38,3420,2,2.62186917383224,2,3.58719025272876,21,15,10,0,"D","Burnley",2,2.62186917383224,3.14472876675427,2.9917289186269,2019
1746,"Jeff Hendrick",24,1944,2,2.10208363458514,2,1.37874885369092,22,14,8,0,"M S","Burnley",2,2.10208363458514,4.95222187787294,2.43479143455625,2019
6756,"Dwight McNeil",38,3360,2,1.93893354572356,6,7.56242999993265,48,55,5,0,"M","Burnley",2,1.93893354572356,10.701588159427,3.7912630867213,2019
789,"Robbie Brady",17,436,1,0.996500197798014,2,0.317549739032984,12,9,1,0,"M S","Burnley",1,0.996500197798014,1.49576287344098,0.888665825128555,2019
1654,"Ben Mee",32,2880,1,1.30481960903853,1,1.7796144168824,17,9,7,0,"D","Burnley",1,1.30481960903853,1.88047719746828,1.74408973380923,2019
1663,"Johann Berg Gudmundsson",12,629,1,0.723538264632225,1,0.918074242770672,10,14,0,0,"M S","Burnley",1,0.723538264632225,1.56579417735338,1.00573065504432,2019
593,"Aaron Lennon",16,466,0,0.0242314264178276,0,0.158013582229614,1,2,4,0,"M S","Burnley",0,0.0242314264178276,0.29089542850852,0.108650419861078,2019
712,"Jack Cork",30,2627,0,1.34517572633922,0,1.17284817248583,18,12,1,0,"M","Burnley",0,1.34517572633922,6.31191827729344,4.8330946136266,2019
752,"Daniel Drinkwater",1,61,0,0,0,0,0,0,0,0,"M","Burnley",0,0,0,0,2019
857,"Phil Bardsley",21,1890,0,0.290977372787893,1,1.57956828735769,11,9,6,0,"D","Burnley",0,0.290977372787893,3.41890112124383,1.85101121477783,2019
887,"Erik Pieters",24,1880,0,0.451019884087145,4,2.69818976242095,14,18,2,0,"D M S","Burnley",0,0.451019884087145,5.00447755213827,2.330093649216,2019
1652,"Matthew Lowton",17,1530,0,0.014243402518332,1,1.2746498528868,1,11,2,0,"D","Burnley",0,0.014243402518332,3.15814100205898,2.13314413651824,2019
1747,"Kevin Long",8,560,0,0.105990047566593,0,0,2,0,0,0,"D S","Burnley",0,0.105990047566593,0.850585877895355,0.75757896900177,2019
5552,"Nick Pope",38,3420,0,0,0,0.199706263840199,0,3,1,0,"GK","Burnley",0,0,2.24956081900746,2.08792825508863,2019
6044,"Charlie Taylor",24,1938,0,0.0140062570571899,1,0.863097904250026,1,12,3,0,"D S","Burnley",0,0.0140062570571899,3.49876942113042,3.25004212930799,2019
8323,"Josh Brownhill",10,808,0,0.318044196814299,0,0.122256584465504,6,3,2,0,"M S","Burnley",0,0.318044196814299,2.0986237898469,1.89085114002228,2019
8480,"Max Thompson",1,1,0,0,0,0,0,0,0,0,"S","Burnley",0,0,0,0,2019
3621,"Neal Maupay",37,2782,10,13.5585432611406,3,2.50613137986511,96,25,3,0,"F S","Brighton",9,12.0362056065351,13.8550430126488,3.4836169090122,2019
7698,"Leandro Trossard",31,2018,5,5.35430202446878,3,4.62511067092419,41,42,0,0,"F M S","Brighton",5,5.35430202446878,12.0117040090263,4.77916933037341,2019
6048,"Lewis Dunk",36,3233,3,3.71927773952484,3,1.2634232500568,31,14,9,0,"D","Brighton",3,3.71927773952484,8.55332162324339,8.34768174868077,2019
7699,"Adam Webster",31,2668,3,1.57779289595783,1,1.09437681455165,16,10,4,0,"D","Brighton",3,1.57779289595783,6.39076218008995,6.15260322764516,2019
7991,"Aaron Connolly",24,1279,3,4.5535256061703,1,0.562017157673836,36,6,0,0,"F S","Brighton",3,4.5535256061703,4.35678212158382,0.354199411347508,2019
239,"Pascal Groß",29,1812,2,1.45609699282795,4,5.95470469072461,29,59,4,0,"F M S","Brighton",2,1.45609699282795,8.31200130283833,6.01940418593585,2019
6033,"Aaron Mooy",31,2095,2,2.51819161139429,2,3.74910231865942,33,39,1,1,"F M S","Brighton",2,2.51819161139429,8.61167213320732,4.26419750973582,2019
6842,"Alireza Jahanbakhsh",10,301,2,0.586244180798531,0,0.993284672498703,12,4,0,0,"F M S","Brighton",2,0.586244180798531,1.58885138854384,0.734935741871595,2019
882,"Glenn Murray",23,761,1,2.60612053703517,1,0.867527335882187,18,3,0,0,"F S","Brighton",1,2.60612053703517,3.27479819674045,0.603656955063343,2019
4068,"Florin Andone",3,69,1,0.364596247673035,0,0.0581962838768959,1,1,0,1,"F S","Brighton",1,0.364596247673035,0.364596247673035,0,2019
5609,"Yves Bissouma",22,1270,1,0.405424524098635,0,0.135740922763944,16,4,4,0,"M S","Brighton",1,0.405424524098635,3.36902050394565,2.93157013319433,2019
6047,"Shane Duffy",19,1226,1,1.25610947515815,0,0.134076677262783,7,2,2,0,"D S","Brighton",1,1.25610947515815,2.05232295207679,1.9144122581929,2019
6050,"Davy Pröpper",35,2826,1,1.86622003465891,2,2.97777650877833,29,29,4,0,"M S","Brighton",1,1.86622003465891,11.8928247019649,8.66929982788861,2019
1950,"Martín Montoya",27,1912,0,1.43430993333459,1,1.94230579491705,8,21,5,0,"D M S","Brighton",0,1.43430993333459,6.85279170237482,4.15986193530262,2019
2385,"Mat Ryan",38,3420,0,0,0,0,0,0,0,0,"GK","Brighton",0,0,4.31560884229839,4.31560884229839,2019
3873,"Ezequiel Schelotto",8,362,0,0.254964938387275,0,0,4,0,1,0,"D M S","Brighton",0,0.254964938387275,0.499479589983821,0.244514655321836,2019
5245,"Bernardo",14,678,0,0.454292418435216,0,0.940380573272705,7,4,1,0,"D M S","Brighton",0,0.454292418435216,2.12007164396346,1.3338909484446,2019
6049,"Solly March",19,1132,0,1.46696035936475,1,1.10657994262874,20,13,2,0,"F M S","Brighton",0,1.46696035936475,4.3761317525059,2.26502303406596,2019
6051,"Dale Stephens",33,2528,0,0.444134230725467,1,1.24719187803566,19,18,8,0,"M S","Brighton",0,0.444134230725467,7.18678978830576,6.23962599225342,2019
6105,"Gaëtan Bong",4,53,0,0,0,0.11898884922266,0,2,0,0,"S","Brighton",0,0,0.156652709469199,0.0376638593152165,2019
6542,"Jürgen Locadia",2,84,0,0.399701785296202,0,0,2,0,0,0,"F S","Brighton",0,0.399701785296202,0.101700378581882,0.0436151046305895,2019
7382,"Dan Burn",34,2879,0,1.9053610637784,0,1.67367601115257,13,20,5,0,"D M S","Brighton",0,1.9053610637784,7.7851690640673,6.51501097436994,2019
8020,"Steven Alzate",19,1175,0,1.05768341943622,0,0.815260611474514,13,14,1,0,"D M S","Brighton",0,1.05768341943622,3.48971635848284,1.86801888607442,2019
8226,"Tariq Lamptey",8,598,0,0.0712007051333785,1,1.07989089936018,2,6,2,0,"D M S","Brighton",0,0.0712007051333785,1.10844594985247,0.595980625599623,2019
8379,"Alexis Mac Allister",9,357,0,0.587467863224447,0,0.203351314179599,7,5,0,0,"F M S","Brighton",0,0.587467863224447,1.172587945126,0.500704057514668,2019
4105,"Raúl Jiménez",38,3269,17,16.5107980240136,6,7.226940844208,117,48,3,0,"F S","Wolverhampton Wanderers",13,13.4661226142198,22.5602395180613,5.70953263994306,2019
6854,"Diogo Jota",34,2329,7,12.01767507568,1,2.64256235584617,69,29,4,0,"F M S","Wolverhampton Wanderers",7,12.01767507568,16.1499327123165,4.09800736047328,2019
900,"Adama Traoré",37,2596,4,3.70733739621937,9,7.55103133432567,43,49,1,0,"F M S","Wolverhampton Wanderers",4,3.70733739621937,15.2722951546311,5.65539890062064,2019
6852,"Matt Doherty",36,2842,4,6.48413465730846,3,2.12798588816077,34,21,1,0,"D M S","Wolverhampton Wanderers",4,6.48413465730846,14.1650483030826,7.6632969956845,2019
7236,"Leander Dendoncker",38,2793,4,2.63804390002042,0,0.716940837912261,20,9,5,0,"D M S","Wolverhampton Wanderers",4,2.63804390002042,9.55908124800771,8.40288241952658,2019
6382,"Pedro Neto",29,911,3,1.89344776049256,3,2.62621754966676,17,14,3,0,"F M S","Wolverhampton Wanderers",3,1.89344776049256,7.68965154513717,4.65286325290799,2019
2280,"Jonny",35,2907,2,1.61404271796346,2,1.56681202352047,19,23,4,0,"M S","Wolverhampton Wanderers",2,1.61404271796346,10.034513075836,7.45125222485512,2019
3491,"Romain Saiss",33,2702,2,3.66983886342496,1,1.23247107490897,23,12,10,1,"D M S","Wolverhampton Wanderers",2,3.66983886342496,10.5217842385173,9.55737670883536,2019
4918,"Patrick Cutrone",12,291,2,2.28880704194307,0,0.484055116772652,11,2,0,0,"F S","Wolverhampton Wanderers",2,2.28880704194307,2.31126168370247,0,2019
6853,"Rúben Neves",38,3081,2,1.63808369077742,2,2.6060938835144,61,29,9,0,"M S","Wolverhampton Wanderers",2,1.63808369077742,13.9257946331054,11.2014619102702,2019
3422,"João Moutinho",38,3100,1,0.687767527066171,6,6.77504354901612,22,76,7,0,"M S","Wolverhampton Wanderers",1,0.687767527066171,11.9326911084354,10.8586574085057,2019
8291,"Daniel Podence",9,284,1,1.3593143299222,0,0.772744387388229,10,5,0,0,"F S","Wolverhampton Wanderers",1,1.3593143299222,2.38334169238806,0.597807884216309,2019
787,"Ryan Bennett",11,606,0,0.0239152926951647,0,0.090542471036315,1,2,2,0,"D S","Wolverhampton Wanderers",0,0.0239152926951647,0.796884527429938,0.706342039629817,2019
5234,"Jesús Vallejo",2,163,0,0,0,0,0,0,1,0,"D S","Wolverhampton Wanderers",0,0,0.0583947114646435,0.0583947114646435,2019
6336,"Bruno Jordao",1,1,0,0,0,0.0461256131529808,0,1,0,0,"S","Wolverhampton Wanderers",0,0,0,0,2019
6849,"Rui Patrício",38,3420,0,0,0,0,0,0,0,0,"GK","Wolverhampton Wanderers",0,0,2.79810062795877,2.79810062795877,2019
6850,"Willy Boly",22,1980,0,0.233208632096648,1,1.02459287270904,5,7,1,1,"D","Wolverhampton Wanderers",0,0.233208632096648,4.82076916657388,3.92491758801043,2019
6851,"Conor Coady",38,3420,0,0,0,0.53212371468544,0,5,5,0,"D","Wolverhampton Wanderers",0,0,9.53374387696385,9.08792417868972,2019
6856,"Rúben Vinagre",16,625,0,0.287852935492992,0,0.619477760046721,5,4,1,0,"M S","Wolverhampton Wanderers",0,0.287852935492992,2.43409962393343,1.95936528779566,2019
6857,"Morgan Gibbs-White",7,119,0,0.0718549955636263,0,0.0708760917186737,2,3,0,0,"M S","Wolverhampton Wanderers",0,0.0718549955636263,0.30642930790782,0.192799277603626,2019
7332,"Max Kilman",3,183,0,0,0,0,0,0,0,0,"D S","Wolverhampton Wanderers",0,0,0.0350345708429813,0.0350345708429813,2019
1736,"Oliver McBurnie",36,2123,6,8.06831918191165,0,1.13500355463475,50,10,4,0,"F S","Sheffield United",6,8.06831918191165,10.1945724096149,3.94750441983342,2019
1748,"Lys Mousset",30,1220,6,6.07298354059458,4,3.6121069919318,37,12,1,0,"F S","Sheffield United",6,6.07298354059458,9.62127878330648,2.4637557156384,2019
7708,"John Lundstram",34,2448,5,5.92148293275386,3,3.82964036613703,44,21,5,0,"M S","Sheffield United",5,5.92148293275386,12.0081140268594,5.02610065415502,2019
7709,"John Fleck",30,2513,5,3.24810187425464,2,3.429328950122,31,39,8,0,"M S","Sheffield United",5,3.24810187425464,10.2745445724577,5.32346470374614,2019
7712,"Billy Sharp",25,1045,3,4.1389543293044,2,3.01032769493759,16,15,1,1,"F S","Sheffield United",3,4.1389543293044,5.81258145999163,1.03714822977781,2019
7703,"John Egan",36,3193,2,2.68670840002596,0,0.45159250497818,27,1,3,1,"D","Sheffield United",2,2.68670840002596,3.88927132636309,3.75934515893459,2019
7706,"George Baldock",38,3420,2,0.7630057875067,3,1.62530895974487,13,22,7,0,"M","Sheffield United",2,0.7630057875067,8.71819101646543,7.14782861247659,2019
7707,"Enda Stevens",38,3350,2,1.52125687152147,4,5.41486250143498,22,34,7,0,"M","Sheffield United",2,1.52125687152147,13.6097446689382,10.1049867784604,2019
7711,"David McGoldrick",28,1841,2,8.71595642156899,2,2.09512821305543,45,17,2,0,"F S","Sheffield United",2,8.71595642156899,12.2388113420457,3.08636035583913,2019
4476,"Callum Robinson",16,674,1,1.56125000119209,1,0.652646470814943,12,4,1,0,"F S","Sheffield United",1,1.56125000119209,2.83560072816908,0.701838643290102,2019
7710,"Oliver Norwood",38,3119,1,1.33830132521689,1,3.87992242537439,17,49,8,0,"M S","Sheffield United",0,0.577132501639426,9.9546035900712,9.05366420373321,2019
8285,"Sander Berge",14,957,1,0.600753396749496,1,0.714387498795986,5,2,0,0,"M S","Sheffield United",1,0.600753396749496,2.35891548730433,1.21015795506537,2019
587,"Phil Jagielka",6,233,0,0,0,0,0,0,0,0,"D S","Sheffield United",0,0,0.0951312631368637,0.0951312631368637,2019
733,"Jack Rodwell",1,13,0,0,0,0,0,0,0,0,"S","Sheffield United",0,0,0,0,2019
908,"Muhamed Besic",9,236,0,0.149540059268475,0,0.0868392065167427,4,1,2,0,"M S","Sheffield United",0,0.149540059268475,1.20465596020222,0.984313994646072,2019
1883,"Ravel Morrison",1,11,0,0.0266937743872404,0,0,1,0,0,0,"S","Sheffield United",0,0.0266937743872404,0,0,2019
7702,"Dean Henderson",36,3240,0,0.0330408066511154,0,0.0218688193708658,1,1,2,0,"GK","Sheffield United",0,0.0330408066511154,0.293627671897411,0.293627671897411,2019
7704,"Chris Basham",38,3275,0,0.329538923688233,1,1.31222013384104,6,13,4,0,"D","Sheffield United",0,0.329538923688233,4.45596181415021,4.01894485391676,2019
7705,"Jack O&#039;Connell",33,2913,0,0.828777320683002,1,3.55761667527258,14,16,4,0,"D S","Sheffield United",0,0.828777320683002,7.51377633493394,6.32238280121237,2019
7713,"Luke Freeman",11,358,0,0.0576798915863037,0,0.185561038553715,3,3,2,0,"M S","Sheffield United",0,0.0576798915863037,0.681846145540476,0.462127089500427,2019
7714,"Ben Osborn",13,586,0,0.195210319012403,0,0.887879334390163,3,7,0,0,"M S","Sheffield United",0,0.195210319012403,2.33320881426334,1.5885962843895,2019
7715,"Simon Moore",2,180,0,0,0,0,0,0,0,0,"GK","Sheffield United",0,0,0.0294324848800898,0.0294324848800898,2019
8046,"Kieron Freeman",2,5,0,0,0,0,0,0,0,0,"S","Sheffield United",0,0,0.0235218666493893,0.0235218666493893,2019
8061,"Leon Clarke",2,29,0,0.428130477666855,0,0,1,0,0,0,"S","Sheffield United",0,0.428130477666855,0.488092333078384,0.0599618591368198,2019
8286,"Jack Robinson",6,507,0,0,0,0.148165974766016,0,2,0,0,"D","Sheffield United",0,0,1.09267611429095,0.944510141387582,2019
8472,"Richairo Zivkovic",5,95,0,0.0640387758612633,0,0.138025173917413,1,2,0,0,"S","Sheffield United",0,0.0640387758612633,0.205646567046642,0.205646567046642,2019
